Libellé masculin,Libellé féminin,Liste,Numérique
Acheteur d'espaces publicitaires web,Acheteuse d'espaces publicitaires web,1,4
Acheteur média,Acheteuse média,1,4
Adjoint technicien d'exploitation informatique,Adjointe technicienne d'exploitation informatique,0,1
Administrateur base de données,Administratrice base de données,1,1
Administrateur bureautique,Administratrice bureautique,0,1
Administrateur cloud,Administratrice cloud,0,2
Administrateur datacenter,Administratrice datacenter,0,1
Administrateur général des données,Administratrice générale des données,0,1
Administrateur informatique,Administratrice informatique,0,1
Administrateur de la messagerie,Administratrice de la messagerie,0,1
Administrateur d'outils informatiques,Administratrice d'outils informatiques,0,1
Administrateur réseau informatique,Administratrice réseau informatique,1,2
Administrateur réseau de télécommunications,Administratrice réseau de télécommunications,1,2
Administrateur sécurité informatique,Administratrice sécurité informatique,1,1
Administrateur de serveurs,Administratrice de serveurs,1,1
Administrateur de site internet,Administratrice de site internet,1,1
Administrateur de système d'information,Administratrice de système d'information,1,1
Administrateur système informatique,Administratrice système informatique,1,1
Administrateur systèmes et réseaux,Administratrice systèmes et réseaux,1,2
Agent d'exploitation informatique,Agent d'exploitation informatique,0,1
Agent informatique,Agent informatique,0,1
Agent télécom,Agent télécom,0,2
Aide informatique,Aide informatique,0,1
Analyste développeur,Analyste développeuse,1,1
Analyste informatique,Analyste informatique,1,1
Analyste programmeur,Analyste programmeuse,1,1
Analyste réseau,Analyste réseau,1,2
Analyste test et validation informatique,Analyste test et validation informatique,0,1
Analyste de trafic,Analyste de trafic,1,4
Analyste web,Analyste web,1,4
Animateur 2D/3D,Animatrice 2D/3D,1,4
Animateur de réseaux sociaux,Animatrice de réseaux sociaux,1,4
Architecte de sites web,Architecte de sites web,0,4
Architecte de systèmes d'information,Architecte de systèmes d'information,1,1
Artiste graphiste,Artiste graphiste,1,4
Artiste infographiste,Artiste infographiste,1,4
Assistant bureautique,Assistante bureautique,1,1
Assistant chef de projet informatique,Assistante chef de projet informatique,1,5
Assistant fonctionnel des systèmes d'information,Assistante fonctionnelle des systèmes d'information,0,1
Assistant maîtrise d'ouvrage informatique,Assistante maîtrise d'ouvrage informatique,0,1
Assistant maîtrise d'ouvrage des systèmes d'information,Assistante maîtrise d'ouvrage des systèmes d'information,0,1
Assistant technique clientèle informatique,Assistante technique clientèle informatique,1,1
Assistant aux utilisateurs en informatique,Assistante aux utilisateurs en informatique,1,1
Auditeur informatique,Auditrice informatique,1,6
Auditeur Sécurité des systèmes d'information (SSI),Auditrice Sécurité des systèmes d'information (SSI),1,6
Bio-informaticien,Bio-informaticienne,1,1
Biostatisticien,Biostatisticienne,1,3
Chargé des applications informatiques,Chargée des applications informatiques,1,1
Chargé d'assistance réseaux télécoms,Chargée d'assistance réseaux télécoms,1,2
Chargé de communication digitale,Chargée de communication digitale,1,4
Chargé d'étude fibre optique,Chargée d'étude fibre optique,0,2
Chargé d'étude informatique,Chargée d'étude informatique,1,1
Chargé d'étude logiciel,Chargée d'étude logiciel,1,1
Chargé d'études SIG,Chargée d'études SIG,1,3
Chargé d'études statistiques,Chargée d'études statistiques,1,3
Chargé d'étude en système d'informations (SI),Chargée d'étude en système d'informations (SI),0,1
Chargé de l'expérience utilisateur,Chargée de l'expérience utilisateur,0,4
Chargé de l'interface utilisateur,Chargée de l'interface utilisateur,0,4
Chargé de pilotage système d'information,Chargée de pilotage système d'information,0,1
Chargé de projet SIG,Chargée de projet SIG,1,1
Chargé de référencement,Chargée de référencement,1,4
Chargé du site web,Chargée du site web,0,4
Chef d'équipe fibre optique,Chef d'équipe fibre optique,1,2
Chef de groupe bureautique,Chef de groupe bureautique,0,1
Chef de produit informatique,Chef de produit informatique,1,5
Chef de produit logiciel,Chef de produit logiciel,0,5
Chef de projet déploiement informatique,Chef de projet déploiement informatique,0,5
Chef de projet développement informatique,Chef de projet développement informatique,0,5
Chef de projet digital,Chef de projet digital,1,5
Chef de projet e-commerce,Chef de projet e-commerce,1,4
Chef de projet ERP,Chef de projet ERP,0,1
Chef de projet informatique,Chef de projet informatique,1,5
Chef de projet jeux vidéos,Chef de projet jeux vidéos,1,4
Chef de projet maitrise d'ouvrage informatique (MOA),Chef de projet maitrise d'ouvrage informatique (MOA),0,5
Chef de projet maîtrise d'ouvrage des systèmes d'informations (MOA),Chef de projet maîtrise d'ouvrage des systèmes d'informations (MOA),1,5
Chef de projet multimédia,Chef de projet multimédia,0,4
Chef de projet référencement,Chef de projet référencement,1,4
Chef de projet search engine advertising (SEA),Chef de projet search engine advertising (SEA),1,4
Chef de projet search engine optimization (SEO),Chef de projet search engine optimization (SEO),1,4
Chef de projet social media optimization (SMO),Chef de projet social media optimization (SMO),1,4
Chef de projet télécom,Chef de projet télécom,1,5
Chef de projet utilisateurs des systèmes d'information,Chef de projet utilisateurs des systèmes d'information,0,5
Chef de service digital,Chef de service digital,1,5
Chef de service informatique,Chef de service informatique,1,5
Chef de service de maintenance informatique,Chef de service de maintenance informatique,1,5
Chercheur informatique,Chercheuse informatique,0,6
Chief data officer,Chief data officer,1,3
Chief Data Officer (CDO),Chief Data Officer (CDO),0,3
Chief data scientist,Chief data scientist,1,3
Chief Digital Officer (CDO),Chief Digital Officer (CDO),0,5
Chief information security officer,Chief information security officer,1,5
Coach agile informatique,Coach agile informatique,1,5
Cogniticien,Cogniticienne,0,3
"Commercial en conseil informatique, numérique","Commerciale en conseil informatique, numérique",1,6
Community manager,Community manager,1,4
Concepteur designer graphique,Conceptrice designer graphique,1,4
Concepteur d'émissions web,Conceptrice d'émissions web,1,4
Concepteur de jeux vidéos,Conceptrice de jeux vidéos,1,4
Concepteur rédacteur publicitaire,Conceptrice rédactrice publicitaire,1,4
Concepteur de sites internet,Conceptrice de sites internet,1,4
Conseiller en référencement naturel (SEO),Conseillère en référencement naturel (SEO),1,4
Conseiller en référencement payant (SEA),Conseillère en référencement payant (SEA),1,4
Conseiller en référencement social (SMO),Conseillère en référencement social (SMO),1,4
Conseiller search engine advertising (SEA),Conseillère search engine advertising (SEA),1,4
Conseiller search engine optimization (SEO),Conseillère search engine optimization (SEO),1,4
Conseiller social media optimization (SMO),Conseillère social media optimization (SMO),1,4
Conseiller support technique,Conseillère support technique,1,1
Consultant informatique,Consultante informatique,1,6
Consultant en référencement naturel (SEO),Consultante en référencement naturel (SEO),1,4
Consultant en référencement payant (SEA),Consultante en référencement payant (SEA),1,4
Consultant en référencement social (SMO),Consultante en référencement social (SMO),1,4
Consultant en réseaux informatiques,Consultante en réseaux informatiques,1,6
Consultant search engine advertising (SEA),Consultante search engine advertising (SEA),1,4
Consultant search engine optimization (SEO),Consultante search engine optimization (SEO),1,4
Consultant social media optimization (SMO),Consultante social media optimization (SMO),1,4
Consultant en système d'information,Consultante en système d'information,1,6
Content manager,Content manager,1,4
Coordinateur de production web,Coordinatrice de production web,1,5
Coordonnateur du système d'information,Coordonnatrice du système d'information,1,1
Correspondant informatique,Correspondante informatique,1,1
Créateur de jeux vidéos,Créatrice de jeux vidéos,1,4
Créateur de sites web,Créatrice de sites web,1,4
Cyberdocumentaliste,Cyberdocumentaliste,1,4
Cyberjournaliste,Cyberjournaliste,1,4
Data analyst,Data analyst,1,3
Database administrator,Database administrator,0,1
Data engineer,Data engineer,0,3
Data manager,Data manager,0,3
Dataminer,Dataminer,1,3
Data officer,Data officer,0,3
Data scientist,Data scientist,1,3
Data steward,Data steward,0,3
Débogueur,Débogueuse,0,1
Dépanneur informatique,Dépanneuse informatique,1,1
Designer graphique,Designer graphique,1,4
Développeur back-end,Développeuse back-end,1,1
Développeur front-end,Développeuse front-end,1,1
Développeur full-stack,Développeuse full-stack,1,1
Développeur en informatique,Développeuse en informatique,1,1
Développeur web,Développeuse web,1,1
Devops,Devops,1,1
Digital manager,Digital manager,1,5
Digital planner,Digital planner,1,5
Digital project manager,Digital project manager,1,5
Directeur cloud,Directrice cloud,0,5
Directeur data/données,Directrice data/données,1,3
Directeur de département informatique,Directrice de département informatique,1,5
Directeur de département télécoms,Directrice de département télécoms,0,5
Directeur de division informatique,Directrice de division informatique,1,5
Directeur de l'innovation numérique,Directrice de l'innovation numérique,1,5
Directeur de laboratoire de recherche informatique,Directrice de laboratoire de recherche informatique,1,5
Directeur de projet informatique,Directrice de projet informatique,1,5
Directeur recherche et développement (R&D) informatique,Directrice recherche et développement (R&D) informatique,1,5
Directeur des risques informatiques,Directrice des risques informatiques,1,5
Directeur de la sécurité informatique,Directrice de la sécurité informatique,1,5
Directeur de la sécurité des systèmes d'information (DSSI),Directrice de la sécurité des systèmes d'information (DSSI),0,5
Directeur de service informatique,Directrice de service informatique,1,5
Directeur de service informatique (50 salariés ou plus),Directrice de service informatique (50 salariés ou plus),1,5
Directeur de la stratégie digitale,Directrice de la stratégie digitale,1,5
Directeur des systèmes d'information (DSI),Directrice des systèmes d'information (DSI),1,5
"Directeur des systèmes d'information (DSI, 50 salariés ou plus)","Directrice des systèmes d'information (DSI, 50 salariés ou plus)",1,5
Directeur technique en informatique,Directrice technique en informatique,1,5
Directeur technique en informatique (50 salariés ou plus),Directrice technique en informatique (50 salariés ou plus),1,5
Directeur trafficking,Directrice trafficking,1,4
Directeur web,Directrice web,0,4
E-marketeur mobile,E-marketeuse mobile,1,4
Expert en application informatique,Experte en application informatique,1,6
Expert application mobile,Experte application mobile,0,6
Expert back-office,Experte back-office,1,1
Expert en base de données,Experte en base de données,1,3
Expert en bases de données géographiques,Experte en bases de données géographiques,1,3
Expert big data,Experte big data,1,6
Expert blockchain,Experte blockchain,0,6
Expert cloud computing,Experte cloud computing,0,6
"Expert cloud, SaaS","Experte cloud, SaaS",0,6
Expert en cybersécurité,Experte en cybersécurité,1,6
Expert en datamining,Experte en datamining,0,3
Expert en datascience,Experte en datascience,1,3
Expert data-warehouse,Experte data-warehouse,0,6
"Expert décisionnel, business intelligence (BI)","Experte décisionnelle, business intelligence (BI)",0,1
Expert Deep learning,Experte Deep learning,0,3
Expert en développement Web,Experte en développement Web,0,1
Expert digital,Experte digital,0,6
Expert fibre optique,Experte fibre optique,1,2
Expert fonctionnel de progiciel,Experte fonctionnelle de progiciel,0,1
Expert fonctionnel des systèmes d'information,Experte fonctionnelle des systèmes d'information,0,6
Expert en fouille de données,Experte en fouille de données,0,3
Expert Geographic information System (GIS),Experte Geographic information System (GIS),0,3
Expert homologation informatique,Experte homologation informatique,0,6
Expert informatique,Experte informatique,0,6
Expert infrastructure de données,Experte infrastructure de données,1,1
Expert en intelligence artificielle (IA),Experte en intelligence artificielle (IA),0,3
Expert logiciel,Experte logiciel,1,1
Expert multimédia,Experte multimédia,0,6
Expert natural language processing (NLP),Experte natural language processing (NLP),0,3
Expert progiciel de gestion intégrée (PGI),Experte progiciel de gestion intégrée (PGI),0,1
Expert programmeur d'application,Experte programmeuse d'application,0,1
Expert qualité informatique,Experte qualité informatique,1,6
Expert qualité logiciel,Experte qualité logiciel,0,6
Expert en référencement,Experte en référencement,1,6
Expert réseau informatique,Experte réseau informatique,1,6
Expert réseau télécom,Experte réseau télécom,0,6
Expert rich media,Experte rich media,0,4
Expert en science des données,Experte en science des données,0,3
Expert SEA,Experte SEA,1,4
Expert en sécurité informatique (SSI),Experte en sécurité informatique (SSI),1,6
Expert en sécurité des systèmes d'exploitation,Experte en sécurité des systèmes d'exploitation,1,6
Expert en sécurité des systèmes d'information (SSI),Experte en sécurité des systèmes d'information (SSI),1,6
Expert SEO,Experte SEO,1,4
Expert sharepoint,Experte sharepoint,0,1
Expert sirh (système d'information de gestion des ressources humaines),Experte sirh (système d'information de gestion des ressources humaines),0,1
Expert SMO,Experte SMO,1,4
Expert software,Experte software,0,1
Expert support technique informatique,Experte support technique informatique,0,1
Expert système d'exploitation,Experte système d'exploitation,0,6
Expert système d'exploitation télécom,Experte système d'exploitation télécom,0,6
Expert système d'information géographique (SIG),Experte système d'information géographique (SIG),0,3
Expert système d'information (SI),Experte système d'information (SI),0,6
Expert systèmes et réseaux informatiques,Experte systèmes et réseaux informatiques,1,6
Expert en technologie de l'information et des communications (TIC),Experte en technologie de l'information et des communications (TIC),1,6
Expert en technologie Internet et multimédia,Experte en technologie Internet et multimédia,0,6
Expert télécom,Experte télécom,1,6
Expert traffic web,Experte traffic web,0,4
Expert en traitement d'image,Experte en traitement d'image,0,3
Expert en traitement du langage,Experte en traitement du langage,0,3
Expert virtualisation,Experte virtualisation,0,6
Game designer,Game designer,1,4
Géomaticien,Géomaticienne,0,3
Gestionnaire des actifs logiciels,Gestionnaire des actifs logiciels,0,5
Gestionnaire de base de données,Gestionnaire de base de données,1,1
Gestionnaire de communauté en ligne,Gestionnaire de communauté en ligne,1,4
Gestionnaire d'incident télématique,Gestionnaire d'incident télématique,0,1
Gestionnaire de parc informatique,Gestionnaire de parc informatique,1,1
Gestionnaire de site internet,Gestionnaire de site internet,1,4
Gestionnaire de support informatique,Gestionnaire de support informatique,0,1
Gestionnaire de système informatique,Gestionnaire de système informatique,1,1
Graphiste,Graphiste,1,4
Hotliner informatique,Hotliner informatique,0,1
Illustrateur graphiste,Illustratrice graphiste,1,4
Infogérant,Infogérante,1,1
Infographiste,Infographiste,1,4
Infographiste effets spéciaux,Infographiste effets spéciaux,1,4
Infographiste en images de synthèse,Infographiste en images de synthèse,1,4
Infographiste layout,Infographiste layout,1,4
Informaticien,Informaticienne,0,1
Informaticien analyste,Informaticienne analyste,1,1
Informaticien d'application,Informaticienne d'application,1,1
Informaticien conseil,Informaticienne conseil,1,1
Informaticien de développement,Informaticienne de développement,1,1
Informaticien d'État,Informaticienne d'État,0,1
Informaticien d'études,Informaticienne d'études,1,1
Informaticien hospitalier,Informaticienne hospitalière,0,1
Informaticien de maintenance,Informaticienne de maintenance,1,1
Informaticien programmeur,Informaticienne programmeuse,1,1
Informaticien territorial,Informaticienne territoriale,0,1
Ingénieur d'application informatique,Ingénieure d'application informatique,1,1
Ingénieur-conseil informatique,Ingénieure-conseil informatique,1,6
Ingénieur développement informatique,Ingénieure développement informatique,1,1
Ingénieur développement logiciel,Ingénieure développement logiciel,1,1
Ingénieur données,Ingénieure données,1,3
Ingénieur d'études en informatique,Ingénieure d'études en informatique,1,1
Ingénieur d'exploitation informatique,Ingénieure d'exploitation informatique,1,1
Ingénieur informatique,Ingénieure informatique,0,1
Ingénieur intégration de système,Ingénieure intégration de système,1,1
Ingénieur logiciel,Ingénieure logiciel,1,1
Ingénieur radio,Ingénieure radio,0,2
Ingénieur recherche et développement (R&D) en informatique,Ingénieure recherche et développement (R&D) en informatique,1,1
Ingénieur de sécurité informatique,Ingénieure de sécurité informatique,1,1
Ingénieur statisticien,Ingénieure statisticienne,1,3
Ingénieur support informatique,Ingénieure support informatique,1,1
Ingénieur système et réseaux informatiques,Ingénieure système et réseaux informatiques,1,2
Ingénieur des systèmes d'information et de communication,Ingénieure des systèmes d'information et de communication,1,1
Ingénieur test et validation informatique,Ingénieure test et validation informatique,1,1
Installateur de réseaux de télécommunication,Installatrice de réseaux de télécommunication,1,2
Intégrateur d'applications informatiques,Intégratrice d'applications informatiques,1,1
Intégrateur ERP,Intégratrice ERP,0,1
Intégrateur d'exploitation informatique,Intégratrice d'exploitation informatique,1,1
Intégrateur multimédia,Intégratrice multimédia,0,4
Intégrateur télécommunications,Intégratrice télécommunications,1,1
Intégrateur web,Intégratrice web,1,1
Journaliste en ligne (online),Journaliste en ligne (online),1,4
Journaliste numérique,Journaliste numérique,1,4
Journaliste web,Journaliste web,1,4
Lead developer,Lead developer,0,1
Level designer,Level designer,1,4
Manager de communauté,Manager de communauté,1,4
Manager d'équipe informatique,Manager d'équipe informatique,0,5
Média planneur,Média planneuse,1,4
Médiateur de conversations interactives,Médiatrice de conversations interactives,1,4
Médiateur numérique,Médiatrice numérique,1,4
Modélisateur 3D,Modélisatrice 3D,1,4
Modérateur web,Modératrice web,1,4
Motion designer,Motion designer,1,4
Opérateur PAO,Opératrice PAO,1,4
Opérateur de saisie,Opératrice de saisie,1,1
Paramétreur logiciel Enterprise Resource Planning (ERP),Paramétreuse logiciel Enterprise Resource Planning (ERP),0,1
Paramétreur de progiciels,Paramétreuse de progiciels,0,1
Poseur de lignes de télécommunications,Poseuse de lignes de télécommunications,1,2
Product manager,Product manager,1,5
Product owner (informatique),Product owner (informatique),0,5
Programmeur informatique,Programmeuse informatique,1,1
Programmeur de jeux vidéos,Programmatrice de jeux vidéos,0,1
Project management officer (informatique),Project management officer (informatique),0,1
Propriétaire de processus (process owner),Propriétaire de processus (process owner),0,5
Pupitreur informatique,Pupitreuse informatique,1,1
Qualifieur,Qualifieuse,0,1
Recetteur,Recetteuse,0,1
Rédacteur de contenus web,Rédactrice de contenus web,1,4
Rédacteur web,Rédactrice web,1,4
Référenceur SEA,Référenceuse SEA,1,4
Référenceur SEO,Référenceuse SEO,1,4
Référenceur SMO,Référenceuse SMO,1,4
Référenceur Web,Référenceuse Web,1,4
Réparateur en matériel informatique,Réparatrice en matériel informatique,1,1
Responsable analyse programmation,Responsable analyse programmation,1,1
Responsable communication digitale,Responsable communication digitale,1,4
Responsable de contenu numérique,Responsable de contenu numérique,1,4
Responsable des études et applications informatiques,Responsable des études et applications informatiques,1,1
Responsable des études informatiques,Responsable des études informatiques,1,1
Responsable des études média,Responsable des études média,1,4
Responsable d'exploitation informatique,Responsable d'exploitation informatique,1,1
Responsable de flux internet,Responsable de flux internet,0,4
Responsable d'infocentre,Responsable d'infocentre,0,1
Responsable informatique,Responsable informatique,0,1
Responsable de plateau (assistance informatique),Responsable de plateau (assistance informatique),0,1
Responsable de programme d'innovation numérique,Responsable de programme d'innovation numérique,1,5
Responsable de projet architecture télécoms,Responsable de projet architecture télécoms,0,2
Responsable de réseaux sociaux,Responsable de réseaux sociaux,1,4
Responsable sécurité informatique,Responsable sécurité informatique,1,5
Responsable de la sécurité des systèmes d'information (RSSI),Responsable de la sécurité des systèmes d'information (RSSI),1,5
Responsable service informatique,Responsable service informatique,1,5
Responsable service télécom,Responsable service télécom,1,2
Responsable des systèmes applicatifs,Responsable des systèmes applicatifs,0,1
Responsable de la transformation digitale,Responsable de la transformation digitale,0,5
Scientifique des données,Scientifique des données,0,3
Scrum master informatique,Scrum master informatique,1,5
Social media manager,Social media manager,1,4
Social mediaoptimizer,Social mediaoptimizer,1,4
Software asset manager,Software asset manager,0,5
Software designer,Software designer,0,1
Software design specialist,Software design specialist,0,1
Statisticien,Statisticienne,1,3
Story boarder,Story boarder,1,4
Superviseur informatique,Superviseuse informatique,0,1
Superviseur réseau,Superviseuse réseau,0,2
Technicien d'assistance en informatique,Technicienne d'assistance en informatique,1,1
Technicien bureautique,Technicienne bureautique,1,1
Technicien Cloud,Technicienne Cloud,0,2
Technicien de développement informatique,Technicienne de développement informatique,1,1
Technicien développement logiciel,Technicienne développement logiciel,1,1
Technicien d'études informatiques,Technicienne d'études informatiques,1,1
Technicien d'études en télécommunication,Technicienne d'études en télécommunication,1,2
Technicien d'exploitation informatique,Technicienne d'exploitation informatique,1,1
Technicien d'exploitation télécommunication,Technicienne d'exploitation télécommunication,1,2
Technicien fibre optique,Technicienne fibre optique,1,2
Technicien helpdesk informatique,Technicienne helpdesk informatique,1,1
Technicien en image de synthèse 3D,Technicienne en image de synthèse 3D,0,4
Technicien informatique,Technicienne informatique,0,1
Technicien d'installation des télécommunications,Technicienne d'installation des télécommunications,1,2
Technicien logiciel,Technicienne logiciel,0,1
Technicien de maintenance informatique,Technicienne de maintenance informatique,1,1
Technicien de maintenance des télécommunications,Technicienne de maintenance des télécommunications,1,2
Technicien en micro-informatique et réseaux,Technicienne en micro-informatique et réseaux,0,2
Technicien multimédia,Technicienne multimédia,0,4
Technicien PAO,Technicienne PAO,1,4
Technicien poste de travail en informatique,Technicienne poste de travail en informatique,0,1
Technicien réseaux et télécommunications,Technicienne réseaux et télécommunications,1,2
Technicien service après vente (SAV) informatique,Technicienne service après vente (SAV) informatique,1,1
Technicien support informatique,Technicienne support informatique,1,1
Technicien support logiciel,Technicienne support logiciel,1,1
Technicien des systèmes d'information et de communication,Technicienne des systèmes d'information et de communication,1,1
Technicien en téléphonie,Technicienne en téléphonie,1,2
Technicien vidéo web,Technicienne vidéo web,1,4
"Testeur de logiciel informatique, software","Testeuse de logiciel informatique, software",0,1
Trafficking manager,Trafficking manager,1,4
Traffic web manager,Traffic web manager,1,4
Urbaniste des systèmes d'information,Urbaniste des systèmes d'information,0,1
User experience designer (UX),User experience designer (UX),0,4
User interface designer (UI),User interface designer (UI),0,4
Web analyste,Web analyste,1,4
Web content manager,Web content manager,0,4
Web designer,Web designer,1,4
Web marketeur,Web marketeuse,1,4
Webmaster,Webmaster,1,4
Webmaster éditorialiste,Webmaster éditorialiste,1,4
